sample_id	chrom	anc_label	tract_start	tract_end	tract_length_bp	n_sites	tool
HG01565	22	EAS	16504399	30656635	14152237	5000	gnomix
HG01572	22	EUR	16504399	19579962	3075564	869	gnomix
HG01572	22	EAS	19580185	30656635	11076451	4131	gnomix
HG01577	22	EAS	16504399	25192432	8688034	2686	gnomix
HG01577	22	EUR	25199298	30656635	5457338	2314	gnomix
HG01578	22	EAS	16504399	29449477	12945079	4661	gnomix
HG01578	22	EUR	29450107	30656635	1206529	339	gnomix
HG01892	22	AFR	16504399	18631365	2126967	632	gnomix
HG01892	22	EUR	18633446	30656635	12023190	4368	gnomix
HG01893	22	EAS	16504399	26894879	10390481	3476	gnomix
HG01893	22	EUR	26894985	30656635	3761651	1524	gnomix
HG01917	22	EAS	16504399	30656635	14152237	5000	gnomix
HG01918	22	EUR	16504399	30656635	14152237	5000	gnomix
HG01920	22	EAS	16504399	27980876	11476478	4266	gnomix
HG01920	22	EUR	27981370	30656635	2675266	734	gnomix
HG01921	22	EAS	16504399	30656635	14152237	5000	gnomix
HG01923	22	EAS	16504399	30656635	14152237	5000	gnomix
HG01924	22	EAS	16504399	23633842	7129444	2212	gnomix
HG01924	22	EUR	23636541	25806949	2170409	711	gnomix
HG01924	22	EAS	25809371	30656635	4847265	2077	gnomix
HG01932	22	EUR	16504399	26467382	9962984	3239	gnomix
HG01932	22	EAS	26472006	30656635	4184630	1761	gnomix
HG01933	22	EAS	16504399	22286791	5782393	1659	gnomix
HG01933	22	EUR	22288560	26653614	4365055	1659	gnomix
HG01933	22	EAS	26654236	30656635	4002400	1682	gnomix
HG01935	22	EAS	16504399	25192432	8688034	2686	gnomix
HG01935	22	EUR	25199298	30656635	5457338	2314	gnomix
HG01936	22	EUR	16504399	17910952	1406554	316	gnomix
HG01936	22	EAS	17915430	30656635	12741206	4684	gnomix
HG01941	22	EAS	16504399	30656635	14152237	5000	gnomix
HG01945	22	EAS	16504399	24237220	7732822	2449	gnomix
HG01945	22	AFR	24237862	24582041	344180	79	gnomix
HG01945	22	EUR	24582739	30656635	6073897	2472	gnomix
HG01950	22	EAS	16504399	30656635	14152237	5000	gnomix
HG01953	22	EAS	16504399	30140358	13635960	4898	gnomix
HG01953	22	EUR	30151582	30656635	505054	102	gnomix
HG01954	22	EAS	16504399	30656635	14152237	5000	gnomix
HG01965	22	AFR	16504399	17580813	1076415	158	gnomix
HG01965	22	EAS	17585441	23062864	5477424	1896	gnomix
HG01965	22	AFR	23064183	25192432	2128250	632	gnomix
HG01965	22	EAS	25199298	26337911	1138614	474	gnomix
HG01965	22	AFR	26342529	27320093	977565	553	gnomix
HG01965	22	EAS	27323867	30656635	3332769	1287	gnomix
HG01967	22	EUR	16504399	23867924	7363526	2291	gnomix
HG01967	22	EAS	23869130	27581642	3712513	1659	gnomix
HG01967	22	EUR	27584291	30656635	3072345	1050	gnomix
HG01968	22	EAS	16504399	30656635	14152237	5000	gnomix
HG01970	22	EUR	16504399	30656635	14152237	5000	gnomix
HG01973	22	EAS	16504399	30656635	14152237	5000	gnomix
HG01974	22	EAS	16504399	29650741	13146343	4740	gnomix
HG01974	22	EUR	29650774	30656635	1005862	260	gnomix
HG01976	22	EAS	16504399	30656635	14152237	5000	gnomix
HG01979	22	EUR	16504399	26467382	9962984	3239	gnomix
HG01979	22	EAS	26472006	30656635	4184630	1761	gnomix
HG01982	22	EAS	16504399	27479480	10975082	3871	gnomix
HG01982	22	EUR	27480367	30597880	3117514	1106	gnomix
HG01982	22	AFR	30598516	30656635	58120	23	gnomix
HG01991	22	EAS	16504399	21381646	4877248	1501	gnomix
HG01991	22	EUR	21382482	30656635	9274154	3499	gnomix
HG01997	22	EAS	16504399	26467382	9962984	3239	gnomix
HG01997	22	EUR	26472006	30656635	4184630	1761	gnomix
HG02003	22	EAS	16504399	30656635	14152237	5000	gnomix
HG02090	22	EUR	16504399	30656635	14152237	5000	gnomix
HG02102	22	EAS	16504399	27689490	11185092	4029	gnomix
HG02102	22	EUR	27689956	30656635	2966680	971	gnomix
HG02104	22	EAS	16504399	30656635	14152237	5000	gnomix
HG02105	22	EAS	16504399	30656635	14152237	5000	gnomix
HG02253	22	EAS	16504399	19051381	2546983	711	gnomix
HG02253	22	EUR	19055542	30656635	11601094	4289	gnomix
HG02262	22	EAS	16504399	23633842	7129444	2212	gnomix
HG02262	22	EUR	23636541	27179384	3542844	1422	gnomix
HG02262	22	EAS	27179453	30656635	3477183	1366	gnomix
HG02265	22	EAS	16504399	30656635	14152237	5000	gnomix
HG02266	22	EAS	16504399	28188203	11683805	4424	gnomix
HG02266	22	EUR	28198577	30656635	2458059	576	gnomix
HG02271	22	EAS	16504399	30656635	14152237	5000	gnomix
HG02272	22	EAS	16504399	30656635	14152237	5000	gnomix
HG02274	22	AFR	16504399	27689490	11185092	4029	gnomix
HG02274	22	EUR	27689956	30656635	2966680	971	gnomix
HG02275	22	EAS	16504399	30656635	14152237	5000	gnomix
HG02278	22	EAS	16504399	30656635	14152237	5000	gnomix
HG02298	22	EAS	16504399	25192432	8688034	2686	gnomix
HG02298	22	EUR	25199298	30656635	5457338	2314	gnomix
HG02299	22	EAS	16504399	30656635	14152237	5000	gnomix
HG02345	22	EAS	16504399	30656635	14152237	5000	gnomix
HG02425	22	EUR	16504399	17724093	1219695	237	gnomix
HG02425	22	AFR	17729044	28093712	10364669	4108	gnomix
HG02425	22	EAS	28094573	30656635	2562063	655	gnomix
HG01565	22	EAS	16504399	30656635	14152237	5058	rfmix
HG01572	22	EUR	16504399	19310812	2806414	807	rfmix
HG01572	22	EAS	19310812	30656635	11345824	4251	rfmix
HG01577	22	EAS	16504399	26359777	9855379	3206	rfmix
HG01577	22	EUR	26359777	30656635	4296859	1852	rfmix
HG01578	22	EUR	16504399	18131078	1626680	422	rfmix
HG01578	22	EAS	18131078	28213044	10081967	4063	rfmix
HG01578	22	EUR	28213044	30656635	2443592	573	rfmix
HG01892	22	AFR	16504399	18640300	2135902	640	rfmix
HG01892	22	EUR	18640300	30656635	12016336	4418	rfmix
HG01893	22	EAS	16504399	27268143	10763745	3730	rfmix
HG01893	22	EUR	27268143	30656635	3388493	1328	rfmix
HG01917	22	EAS	16504399	30656635	14152237	5058	rfmix
HG01918	22	EUR	16504399	30656635	14152237	5058	rfmix
HG01920	22	EAS	16504399	30656635	14152237	5058	rfmix
HG01921	22	EAS	16504399	30656635	14152237	5058	rfmix
HG01923	22	EAS	16504399	30656635	14152237	5058	rfmix
HG01924	22	EAS	16504399	30656635	14152237	5058	rfmix
HG01932	22	EUR	16504399	26290588	9786190	3170	rfmix
HG01932	22	EAS	26290588	30656635	4366048	1888	rfmix
HG01933	22	EAS	16504399	22255000	5750602	1662	rfmix
HG01933	22	EUR	22255000	26359777	4104778	1544	rfmix
HG01933	22	EAS	26359777	30656635	4296859	1852	rfmix
HG01935	22	EAS	16504399	26697195	10192797	3394	rfmix
HG01935	22	EUR	26697195	30656635	3959441	1664	rfmix
HG01936	22	EAS	16504399	30656635	14152237	5058	rfmix
HG01941	22	EAS	16504399	30656635	14152237	5058	rfmix
HG01945	22	EAS	16504399	24681555	8177157	2574	rfmix
HG01945	22	EUR	24681555	27304394	2622840	1177	rfmix
HG01945	22	EAS	27304394	30656635	3352242	1307	rfmix
HG01950	22	EAS	16504399	30656635	14152237	5058	rfmix
HG01953	22	EAS	16504399	30656635	14152237	5058	rfmix
HG01954	22	EAS	16504399	30656635	14152237	5058	rfmix
HG01965	22	AFR	16504399	17633669	1129271	193	rfmix
HG01965	22	EAS	17633669	18640300	1006632	447	rfmix
HG01965	22	AFR	18640300	19702781	1062482	314	rfmix
HG01965	22	EAS	19702781	20928809	1226029	394	rfmix
HG01965	22	AFR	20928809	21463730	534922	223	rfmix
HG01965	22	EAS	21463730	23070912	1607183	510	rfmix
HG01965	22	AFR	23070912	24681555	1610644	493	rfmix
HG01965	22	EUR	24681555	26359777	1678223	632	rfmix
HG01965	22	AFR	26359777	27268143	908367	524	rfmix
HG01965	22	EAS	27268143	30656635	3388493	1328	rfmix
HG01967	22	EUR	16504399	23803722	7299324	2288	rfmix
HG01967	22	EAS	23803722	27756439	3952718	1842	rfmix
HG01967	22	EUR	27756439	30656635	2900197	928	rfmix
HG01968	22	EAS	16504399	30656635	14152237	5058	rfmix
HG01970	22	EUR	16504399	30656635	14152237	5058	rfmix
HG01973	22	EAS	16504399	30656635	14152237	5058	rfmix
HG01974	22	EAS	16504399	30656635	14152237	5058	rfmix
HG01976	22	EAS	16504399	30656635	14152237	5058	rfmix
HG01979	22	EAS	16504399	17741737	1237339	245	rfmix
HG01979	22	EUR	17741737	23912723	6170987	2085	rfmix
HG01979	22	EAS	23912723	30656635	6743913	2728	rfmix
HG01982	22	EAS	16504399	27444637	10940239	3887	rfmix
HG01982	22	EUR	27444637	30529631	3084995	1131	rfmix
HG01982	22	AFR	30529631	30656635	127005	40	rfmix
HG01991	22	EAS	16504399	21463730	4959332	1571	rfmix
HG01991	22	EUR	21463730	30656635	9192906	3487	rfmix
HG01997	22	EAS	16504399	26541422	10037024	3302	rfmix
HG01997	22	EUR	26541422	30656635	4115214	1756	rfmix
HG02003	22	EAS	16504399	30656635	14152237	5058	rfmix
HG02090	22	EUR	16504399	20306993	3802595	1282	rfmix
HG02090	22	AFR	20306993	22400890	2093898	458	rfmix
HG02090	22	EUR	22400890	30656635	8255746	3318	rfmix
HG02102	22	AFR	16504399	17690409	1186011	219	rfmix
HG02102	22	EAS	17690409	30656635	12966227	4839	rfmix
HG02104	22	EAS	16504399	30656635	14152237	5058	rfmix
HG02105	22	EAS	16504399	30656635	14152237	5058	rfmix
HG02253	22	EAS	16504399	18640300	2135902	640	rfmix
HG02253	22	EUR	18640300	30656635	12016336	4418	rfmix
HG02262	22	EAS	16504399	23651318	7146920	2247	rfmix
HG02262	22	EUR	23651318	26651766	3000449	1106	rfmix
HG02262	22	EAS	26651766	30656635	4004870	1705	rfmix
HG02265	22	EAS	16504399	30656635	14152237	5058	rfmix
HG02266	22	EAS	16504399	28213044	11708646	4485	rfmix
HG02266	22	EUR	28213044	30656635	2443592	573	rfmix
HG02271	22	EAS	16504399	30656635	14152237	5058	rfmix
HG02272	22	EAS	16504399	30656635	14152237	5058	rfmix
HG02274	22	AFR	16504399	27695057	11190659	4084	rfmix
HG02274	22	EUR	27695057	30656635	2961579	974	rfmix
HG02275	22	EAS	16504399	30656635	14152237	5058	rfmix
HG02278	22	EAS	16504399	30656635	14152237	5058	rfmix
HG02298	22	EAS	16504399	26025558	9521160	3033	rfmix
HG02298	22	EUR	26025558	28213044	2187487	1452	rfmix
HG02298	22	EAS	28213044	30656635	2443592	573	rfmix
HG02299	22	EAS	16504399	30656635	14152237	5058	rfmix
HG02345	22	EAS	16504399	22599808	6095410	1917	rfmix
HG02345	22	EUR	22599808	24057485	1457678	480	rfmix
HG02345	22	EAS	24057485	30656635	6599151	2661	rfmix
HG02425	22	EUR	16504399	17741737	1237339	245	rfmix
HG02425	22	AFR	17741737	28086145	10344409	4149	rfmix
HG02425	22	EAS	28086145	30656635	2570491	664	rfmix
