#Subpopulation order/codes: CEU=0	CHB=1	YRI=2
#chm	spos	epos	sgpos	egpos	n snps	HG02299.0	HG02299.1	HG01565.0	HG01565.1	HG02272.0	HG02272.1	HG01941.0	HG01941.1	HG01923.0	HG01923.1	HG02345.0	HG02345.1	HG01920.0	HG01920.1	HG01935.0	HG01935.1	HG01577.0	HG01577.1	HG02266.0	HG02266.1	HG01976.0	HG01976.1	HG01997.0	HG01997.1	HG01968.0	HG01968.1	HG02278.0	HG02278.1	HG02104.0	HG02104.1	HG02102.0	HG02102.1	HG01965.0	HG01965.1	HG02298.0	HG02298.1	HG01979.0	HG01979.1	HG02003.0	HG02003.1	HG01921.0	HG01921.1	HG01953.0	HG01953.1	HG01974.0	HG01974.1	HG01950.0	HG01950.1	HG01918.0	HG01918.1	HG02262.0	HG02262.1	HG01578.0	HG01578.1	HG01991.0	HG01991.1	HG01954.0	HG01954.1	HG01967.0	HG01967.1	HG01982.0	HG01982.1	HG02425.0	HG02425.1	HG01932.0	HG01932.1	HG02265.0	HG02265.1	HG01893.0	HG01893.1	HG02274.0	HG02274.1	HG02105.0	HG02105.1	HG01936.0	HG01936.1	HG02275.0	HG02275.1	HG01945.0	HG01945.1	HG02090.0	HG02090.1	HG01924.0	HG01924.1	HG02253.0	HG02253.1	HG01572.0	HG01572.1	HG01933.0	HG01933.1	HG01973.0	HG01973.1	HG01917.0	HG01917.1	HG02271.0	HG02271.1	HG01892.0	HG01892.1	HG01970.0	HG01970.1
22	16504399	17633669	0.00	1.13	192	1	1	1	1	1	1	1	2	1	1	1	0	1	1	1	1	1	2	1	1	1	0	1	1	1	1	1	1	1	1	2	1	2	0	1	0	1	1	1	1	1	1	1	1	1	1	1	1	0	0	1	1	0	1	1	1	1	1	0	1	1	1	0	0	0	1	1	1	1	1	2	1	1	1	1	1	1	1	1	1	0	1	1	1	1	0	0	1	1	1	1	1	1	1	1	1	2	1	0	1
22	17633669	17690409	1.13	1.19	25	1	1	1	1	1	1	1	2	1	1	1	0	1	1	1	1	1	2	1	1	1	0	1	1	1	1	1	1	1	1	2	1	1	2	1	0	1	1	1	1	1	1	1	1	1	1	1	1	0	0	1	1	0	1	1	1	1	1	0	1	1	1	0	0	0	1	1	1	1	1	2	1	1	1	1	1	1	1	1	1	0	1	1	1	1	0	0	1	1	1	1	1	1	1	1	1	2	1	0	1
22	17690409	17741737	1.19	1.24	25	1	1	1	1	1	1	1	2	1	1	1	0	1	1	1	1	1	2	1	1	1	0	1	1	1	1	1	1	1	1	1	1	1	2	1	0	1	1	1	1	1	1	1	1	1	1	1	1	0	0	1	1	0	1	1	1	1	1	0	1	1	1	0	0	0	1	1	1	1	1	2	1	1	1	1	1	1	1	1	1	0	1	1	1	1	0	0	1	1	1	1	1	1	1	1	1	2	1	0	1
22	17741737	17817037	1.24	1.31	30	1	1	1	1	1	1	1	2	1	1	1	0	1	1	1	1	1	2	1	1	1	0	1	1	1	1	1	1	1	1	1	0	1	2	1	0	0	1	1	1	1	1	1	1	1	1	1	1	0	0	1	1	0	1	1	1	1	1	0	1	1	1	2	0	0	1	1	1	1	1	2	1	1	1	1	1	1	1	1	1	0	1	1	1	1	0	0	1	1	1	1	1	1	1	1	1	2	1	0	1
22	17817037	18131078	1.31	1.63	145	1	1	1	1	1	1	1	2	1	1	1	0	1	1	1	1	1	2	1	1	1	0	1	1	1	1	1	1	1	1	1	0	1	2	1	1	0	1	1	1	1	1	1	1	1	1	1	1	0	0	1	1	0	1	1	1	1	1	0	1	1	1	2	0	0	1	1	1	1	1	2	1	1	1	1	1	1	1	1	1	0	1	1	1	1	0	0	1	1	1	1	1	1	1	1	1	2	1	0	1
22	18131078	18640300	1.63	2.14	215	1	1	1	1	1	1	1	2	1	1	1	0	1	1	1	1	1	2	1	1	1	0	1	1	1	1	1	1	1	1	1	0	1	2	1	1	0	1	1	1	1	1	1	1	1	1	1	1	0	0	1	1	1	1	1	1	1	1	0	1	1	1	2	0	0	1	1	1	1	1	2	1	1	1	1	1	1	1	1	1	0	1	1	1	1	0	0	1	1	1	1	1	1	1	1	1	2	1	0	1
22	18640300	19073612	2.14	2.57	80	1	1	1	1	1	1	1	2	1	1	1	0	1	1	1	1	1	2	1	1	1	0	1	1	1	1	1	1	1	1	1	0	2	2	1	1	0	1	1	1	1	1	1	1	1	1	1	1	0	0	1	1	1	1	1	1	1	1	0	1	1	1	2	2	0	1	1	1	1	1	2	1	1	1	1	1	1	1	1	1	0	1	1	1	0	0	0	1	1	1	1	1	1	1	1	1	0	1	0	1
22	19073612	19310812	2.57	2.81	85	1	1	1	1	1	1	1	2	1	1	1	0	1	1	1	1	1	2	1	1	1	0	1	1	1	1	1	1	1	1	1	0	2	2	1	0	0	1	1	1	1	1	1	1	1	1	1	1	0	0	1	1	1	1	1	1	1	1	0	1	1	1	2	2	0	0	1	1	1	1	2	1	1	1	1	1	1	1	1	1	0	1	1	1	0	0	0	1	1	1	1	1	1	1	1	1	0	1	0	1
22	19310812	19472280	2.81	2.97	35	1	1	1	1	1	1	1	2	1	1	1	0	1	1	1	1	1	2	1	1	1	0	1	1	1	1	1	1	1	1	1	0	2	2	1	0	0	1	1	1	1	1	1	1	1	0	1	1	0	0	1	1	1	1	1	1	1	1	0	1	1	1	2	2	0	0	1	1	1	1	2	1	1	1	1	1	1	1	1	1	0	1	1	1	0	0	1	1	1	1	1	1	1	1	1	1	0	1	0	1
22	19472280	19702781	2.97	3.20	110	1	1	1	1	1	1	1	2	1	1	1	0	1	1	1	1	1	0	1	1	1	0	1	1	1	1	1	1	1	1	1	0	2	2	1	0	0	1	1	1	1	1	1	1	1	0	1	1	0	0	1	1	1	1	1	1	1	1	0	1	1	1	2	2	0	0	1	1	1	1	2	1	1	1	1	1	1	1	1	1	0	1	1	1	0	0	1	1	1	1	1	1	1	1	1	1	0	1	0	1
22	19702781	19805263	3.20	3.30	45	1	1	1	1	1	1	1	2	1	1	1	0	1	1	1	1	1	0	1	1	1	0	1	1	1	1	1	1	1	1	1	0	1	2	1	0	0	1	1	1	1	1	1	1	1	0	1	1	0	0	1	1	1	1	1	1	1	1	0	1	1	1	2	2	0	0	1	1	1	1	2	1	1	1	1	1	1	1	1	1	0	1	1	1	0	0	1	1	1	1	1	1	1	1	1	1	0	1	0	1
22	19805263	19900075	3.30	3.40	45	1	1	1	1	1	1	1	2	1	1	1	0	1	1	1	1	1	0	1	1	1	0	1	1	1	1	1	1	1	1	1	0	1	2	1	0	0	1	1	1	1	1	1	1	1	0	1	1	0	0	1	1	1	1	1	1	1	1	0	1	1	1	2	2	0	0	1	1	1	1	2	1	1	1	1	1	1	1	1	1	0	1	1	0	0	0	1	1	1	1	1	1	1	1	1	1	0	1	0	1
22	19900075	20306993	3.40	3.80	235	1	1	1	1	1	1	1	2	1	1	1	0	1	1	1	1	1	0	1	1	1	0	1	1	1	1	1	1	1	1	1	1	1	2	1	0	0	1	1	1	1	1	1	1	1	0	1	1	0	0	1	1	1	1	1	1	1	1	0	1	1	1	2	2	0	0	1	1	1	1	2	1	1	1	1	1	1	1	1	1	0	1	1	0	0	0	1	1	1	1	1	1	1	1	1	1	0	1	0	1
22	20306993	20928809	3.80	4.42	65	1	1	1	1	1	1	1	2	1	1	1	0	1	1	1	0	1	0	1	1	1	0	1	1	1	1	1	1	1	1	1	1	1	2	1	0	0	1	1	1	1	1	1	1	1	0	1	1	0	0	1	1	1	1	1	1	1	1	0	1	1	1	2	2	0	0	1	1	1	1	2	1	1	1	1	1	1	1	1	1	2	1	1	0	0	0	1	1	1	1	1	1	1	1	1	1	0	1	0	1
22	20928809	21463730	4.42	4.96	220	1	1	1	1	1	1	1	2	1	1	1	0	1	1	1	0	1	0	1	1	1	0	1	1	1	1	1	1	1	1	1	1	2	2	1	0	0	1	1	1	1	1	1	1	1	0	1	1	0	0	1	1	1	1	1	1	1	1	0	0	1	1	2	2	0	0	1	1	1	1	2	1	1	1	1	1	1	1	1	1	2	1	1	0	0	0	1	1	1	1	1	1	1	1	1	1	0	1	0	1
22	21463730	22255000	4.96	5.75	90	1	1	1	1	1	1	1	2	1	1	1	0	1	1	1	1	1	2	1	1	1	0	1	1	1	1	1	1	1	1	1	1	1	2	1	0	0	1	1	1	1	1	1	1	1	0	1	1	0	1	1	1	1	1	0	1	1	1	0	0	1	1	2	2	0	0	1	1	1	1	2	1	1	1	1	1	1	1	1	1	2	1	1	0	0	0	1	1	1	1	1	1	1	1	1	1	0	1	0	1
22	22255000	22374853	5.75	5.87	50	1	1	1	1	1	1	1	2	1	1	1	0	1	1	1	1	1	2	1	1	1	0	1	1	1	1	1	1	1	1	1	1	1	2	1	0	0	1	1	1	1	1	1	1	1	0	1	1	0	1	1	1	1	1	0	1	1	1	0	0	1	1	2	2	0	0	1	1	1	1	2	1	1	1	1	1	1	1	1	1	2	1	1	0	0	0	1	1	0	1	1	1	1	1	1	1	0	1	0	1
22	22374853	22400890	5.87	5.90	25	1	1	1	1	1	1	1	2	1	1	1	0	1	1	1	1	1	2	1	1	1	0	1	1	1	1	1	1	1	1	1	1	1	2	1	0	0	1	1	1	1	1	1	1	1	0	1	1	0	1	1	1	1	1	0	1	1	1	0	0	1	1	2	2	0	0	1	1	1	1	2	1	1	1	1	1	1	1	1	0	2	1	1	0	0	0	1	1	0	1	1	1	1	1	1	1	0	1	0	1
22	22400890	22464525	5.90	5.96	65	1	1	1	1	1	1	1	2	1	1	1	0	1	1	1	1	1	2	1	1	1	0	1	1	1	1	1	1	1	1	1	1	1	2	1	0	0	1	1	1	1	1	1	1	1	0	1	1	0	1	1	1	1	1	0	1	1	1	0	0	1	1	2	2	0	0	1	1	1	1	2	1	1	1	1	1	1	1	1	0	0	1	1	0	0	0	1	1	0	1	1	1	1	1	1	1	0	1	0	1
22	22464525	22599808	5.96	6.10	110	1	1	1	1	1	1	1	2	1	1	1	0	1	1	1	1	1	2	1	1	1	0	1	1	1	1	1	1	1	1	1	1	1	2	1	0	0	1	1	1	1	1	1	1	1	0	1	1	0	1	1	1	1	1	0	1	1	1	0	0	1	1	2	0	0	0	1	1	1	1	2	1	1	1	1	1	1	1	1	0	0	1	1	0	0	0	1	1	0	1	1	1	1	1	1	1	0	1	0	1
22	22599808	22792400	6.10	6.29	60	1	1	1	1	1	1	1	2	1	1	0	0	1	1	1	1	1	2	1	1	1	1	1	1	1	1	1	1	1	1	1	1	1	2	1	0	0	1	1	1	1	1	1	1	1	0	1	1	0	1	1	1	1	1	0	1	1	1	0	0	1	1	2	0	0	0	1	1	1	1	2	1	1	1	1	1	1	1	1	0	0	1	1	1	0	0	1	1	0	1	1	1	1	1	1	1	0	1	0	1
22	22792400	22972396	6.29	6.47	70	1	1	1	1	1	1	1	2	1	1	0	0	1	1	1	1	1	2	1	0	1	1	1	1	1	1	1	1	1	1	1	1	1	2	1	0	0	1	1	1	1	1	1	1	1	0	1	1	0	1	1	1	1	1	0	1	1	1	0	0	1	1	2	0	0	0	1	1	1	1	2	1	1	1	1	1	1	1	1	0	0	1	1	1	0	0	1	1	0	1	1	1	1	1	1	1	0	1	0	1
22	22972396	23070912	6.47	6.57	30	1	1	1	1	1	1	1	1	1	1	0	0	1	1	1	1	1	2	1	0	1	1	1	1	1	1	1	1	1	1	1	1	1	2	1	0	0	1	1	1	1	1	1	1	1	0	1	1	0	1	1	1	1	1	0	1	1	1	0	0	1	1	2	0	0	0	1	1	1	1	2	1	1	1	1	1	1	1	1	0	0	1	1	1	0	0	1	1	0	1	1	1	1	1	1	1	0	1	0	1
22	23070912	23651318	6.57	7.15	165	1	1	1	1	1	1	1	1	1	1	0	0	1	1	1	0	1	2	1	0	1	1	1	1	1	1	1	1	1	1	1	1	2	0	1	0	0	1	1	1	1	1	1	1	1	0	1	1	0	1	1	1	1	1	0	1	1	1	0	0	1	1	2	0	0	0	1	1	1	1	2	1	1	1	1	1	1	1	1	0	0	1	1	1	0	0	1	1	0	1	1	1	1	1	1	1	0	1	0	1
22	23651318	23803722	7.15	7.30	40	1	1	1	1	1	1	1	1	1	1	0	0	1	1	1	0	1	2	1	0	1	1	1	1	1	1	1	1	1	1	1	1	2	0	1	0	0	1	1	1	1	1	1	1	1	0	1	1	0	1	0	1	1	1	0	1	1	1	0	0	1	1	2	0	0	1	1	1	1	1	2	1	1	1	1	1	1	1	1	0	0	1	1	1	0	0	1	1	0	1	1	1	1	1	1	1	0	1	0	1
22	23803722	23912723	7.30	7.41	40	1	1	1	1	1	1	1	1	1	1	0	0	1	1	1	0	1	2	1	0	1	1	1	1	1	1	1	1	1	1	1	1	2	0	1	0	0	0	1	1	1	1	1	1	1	0	1	1	0	1	0	1	1	1	0	1	1	1	1	0	1	1	2	0	0	1	1	1	1	1	2	1	1	1	1	1	1	1	1	0	0	1	1	1	0	0	1	1	0	1	1	1	1	1	1	1	0	1	0	1
22	23912723	24001094	7.41	7.50	40	1	1	1	1	1	1	1	1	1	1	0	0	1	1	1	0	1	2	1	0	1	1	1	1	1	1	1	1	1	1	1	1	2	0	1	0	1	0	1	1	1	1	1	1	1	0	1	1	0	1	0	1	1	1	0	1	1	1	1	0	1	1	2	0	0	1	1	1	1	1	2	1	1	1	1	1	1	1	1	1	0	1	1	1	0	0	1	1	0	1	1	1	1	1	1	1	0	1	0	1
22	24001094	24057485	7.50	7.55	25	1	1	1	1	1	1	1	1	1	1	0	0	1	1	1	0	1	0	1	0	1	1	1	1	1	1	1	1	1	1	1	1	2	0	1	0	1	0	1	1	1	1	1	1	1	0	1	1	0	1	0	1	1	1	0	1	1	1	1	0	1	1	2	0	0	1	1	1	1	1	2	1	1	1	1	1	1	1	1	1	0	1	1	1	0	0	1	1	0	1	1	1	1	1	1	1	0	1	0	1
22	24057485	24480503	7.55	7.98	150	1	1	1	1	1	1	1	1	1	1	1	0	1	1	1	0	1	0	1	0	1	1	1	1	1	1	1	1	1	1	1	1	2	0	1	0	1	0	1	1	1	1	1	1	1	0	1	1	0	1	0	1	1	1	0	1	1	1	1	0	1	1	2	0	0	1	1	1	1	1	2	1	1	1	1	1	1	1	1	1	0	1	1	1	0	0	1	1	0	1	1	1	1	1	1	1	0	1	0	1
22	24480503	24681555	7.98	8.18	25	1	1	1	1	1	1	1	1	1	1	1	1	1	1	1	0	1	0	1	0	1	1	1	1	1	1	1	1	1	1	1	1	2	0	1	0	1	0	1	1	1	1	1	1	1	0	1	1	0	1	0	1	1	1	0	1	1	1	1	0	1	1	2	0	0	1	1	1	1	1	2	1	1	1	1	1	1	1	1	1	0	1	1	1	0	0	1	1	0	1	1	1	1	1	1	1	0	1	0	1
22	24681555	25351379	8.18	8.85	225	1	1	1	1	1	1	1	1	1	1	1	1	1	1	1	0	1	0	1	0	1	1	1	1	1	1	1	1	1	1	1	1	0	0	1	0	1	0	1	1	1	1	1	1	1	0	1	1	0	1	0	1	1	1	0	1	1	1	1	0	1	1	2	0	0	1	1	1	1	1	2	1	1	1	1	1	1	1	0	1	0	1	1	1	0	0	1	1	0	1	1	1	1	1	1	1	0	1	0	1
22	25351379	25726992	8.85	9.22	130	1	1	1	1	1	1	1	1	1	1	1	1	1	1	1	0	1	0	1	0	1	1	1	1	1	1	1	1	1	1	1	1	0	2	1	0	1	0	1	1	1	1	1	1	1	0	1	1	0	1	0	1	1	1	0	1	1	1	1	0	1	1	2	0	0	1	1	1	1	1	2	1	1	1	1	1	1	1	0	1	0	1	1	1	0	0	1	1	0	1	1	1	1	1	1	1	0	1	0	1
22	25726992	25842086	9.22	9.34	30	1	1	1	1	1	1	1	1	1	1	1	1	1	1	1	0	1	0	1	0	1	1	1	1	1	1	1	1	1	1	1	1	0	2	1	0	1	0	1	1	1	1	1	1	1	1	1	1	0	1	0	1	1	1	0	1	1	1	1	0	1	1	2	0	0	1	1	1	1	1	2	1	1	1	1	1	1	1	0	1	0	1	1	1	0	0	1	1	0	1	1	1	1	1	1	1	0	1	0	1
22	25842086	26025558	9.34	9.52	70	1	1	1	1	1	1	1	1	1	1	1	1	1	1	1	0	1	0	1	0	1	1	1	1	1	1	1	1	1	1	1	1	0	2	1	0	1	0	1	1	1	1	1	1	1	1	1	1	0	1	0	1	1	1	0	1	1	1	1	0	1	1	2	0	0	1	1	1	1	1	2	1	1	1	1	1	1	1	0	1	0	1	1	1	0	1	1	1	0	1	1	1	1	1	1	1	0	1	0	1
22	26025558	26254248	9.52	9.75	110	1	1	1	1	1	1	1	1	1	1	1	1	1	1	1	0	1	0	1	0	1	1	1	1	1	1	1	1	1	1	1	1	0	2	0	0	1	0	1	1	1	1	1	1	1	1	1	1	0	1	0	1	1	1	0	1	1	1	1	0	1	1	2	0	0	1	1	1	1	1	2	1	1	1	1	1	1	1	0	1	0	1	1	1	0	1	1	1	0	1	1	1	1	1	1	1	0	1	0	1
22	26254248	26290588	9.75	9.79	25	1	1	1	1	1	1	1	1	1	1	1	1	1	1	1	0	1	1	1	0	1	1	1	1	1	1	1	1	1	1	1	1	0	2	0	0	1	0	1	1	1	1	1	1	1	1	1	1	0	1	0	1	1	1	0	1	1	1	1	0	1	1	2	0	0	1	1	1	1	1	2	1	1	1	1	1	1	1	0	1	0	1	1	1	0	1	1	1	0	1	1	1	1	1	1	1	0	1	0	1
22	26290588	26359777	9.79	9.86	35	1	1	1	1	1	1	1	1	1	1	1	1	1	1	1	0	1	1	1	0	1	1	1	1	1	1	1	1	1	1	1	1	0	2	0	0	1	0	1	1	1	1	1	1	1	1	1	1	0	1	0	1	1	1	0	1	1	1	1	0	1	1	2	0	1	1	1	1	1	1	2	1	1	1	1	1	1	1	0	1	0	1	1	1	0	1	1	1	0	1	1	1	1	1	1	1	0	1	0	1
22	26359777	26541422	9.86	10.04	95	1	1	1	1	1	1	1	1	1	1	1	1	1	1	1	1	0	1	1	0	1	1	1	1	1	1	1	1	1	1	1	1	2	2	0	0	1	0	1	1	1	1	1	1	1	1	1	1	0	1	0	1	1	1	0	1	1	1	1	0	1	1	2	0	1	1	1	1	1	1	2	1	1	1	1	1	1	1	0	1	0	1	1	1	0	1	1	1	1	1	1	1	1	1	1	1	0	1	0	1
22	26541422	26651766	10.04	10.15	50	1	1	1	1	1	1	1	1	1	1	1	1	1	1	1	1	0	1	1	0	1	1	0	1	1	1	1	1	1	1	1	1	2	1	0	0	1	0	1	1	1	1	1	1	1	1	1	1	0	1	0	1	1	1	0	1	1	1	1	0	1	1	2	0	1	1	1	1	1	1	2	1	1	1	1	1	1	1	0	1	0	1	1	1	0	1	1	1	1	1	1	1	1	1	1	1	0	1	0	1
22	26651766	26697195	10.15	10.19	40	1	1	1	1	1	1	1	1	1	1	1	1	1	1	1	1	0	1	1	0	1	1	0	1	1	1	1	1	1	1	1	1	2	1	0	0	1	0	1	1	1	1	1	1	1	1	1	1	0	1	1	1	1	1	0	1	1	1	1	0	1	1	2	0	1	1	1	1	1	1	2	1	1	1	1	1	1	1	0	1	0	1	1	1	0	1	1	1	1	1	1	1	1	1	1	1	0	1	0	1
22	26697195	26738732	10.19	10.23	40	1	1	1	1	1	1	1	1	1	1	1	1	1	1	0	1	0	1	1	0	1	1	0	1	1	1	1	1	1	1	1	1	2	1	0	0	1	0	1	1	1	1	1	1	1	1	1	1	0	1	1	1	1	1	0	1	1	1	1	0	1	1	2	0	1	1	1	1	1	1	2	1	1	1	1	1	1	1	0	1	0	1	1	1	0	1	1	1	1	1	1	1	1	1	1	1	0	1	0	1
22	26738732	26821469	10.23	10.32	50	1	1	1	1	1	1	1	1	1	1	1	1	1	1	0	1	0	1	1	0	1	1	0	1	1	1	1	1	1	1	1	1	2	1	0	0	1	0	1	1	1	1	1	1	1	1	1	1	0	1	1	0	1	1	0	1	1	1	1	0	1	1	2	0	1	1	1	1	1	1	2	1	1	1	1	1	1	1	0	1	0	1	1	1	0	1	1	1	1	1	1	1	1	1	1	1	0	1	0	1
22	26821469	27149053	10.32	10.64	180	1	1	1	1	1	1	1	1	1	1	1	1	1	1	0	1	0	1	1	0	1	1	0	1	1	1	1	1	1	1	1	1	2	1	0	0	1	0	1	1	1	1	1	1	1	1	1	1	0	1	1	0	1	1	0	1	1	1	1	0	1	1	2	0	1	1	1	1	1	1	2	1	1	1	1	1	1	1	0	1	0	1	1	0	0	1	1	1	1	1	1	1	1	1	1	1	0	1	0	1
22	27149053	27213199	10.64	10.71	25	1	1	1	1	1	1	1	1	1	1	1	1	1	1	0	1	0	1	1	0	1	1	0	1	1	1	1	1	1	1	1	1	2	1	0	0	1	0	1	1	1	1	1	1	1	1	1	1	0	1	1	0	1	1	0	0	1	1	1	0	1	1	2	1	1	1	1	1	1	1	2	1	1	1	1	1	1	1	0	1	0	1	1	0	0	1	1	1	1	1	1	1	1	1	1	1	0	1	0	1
22	27213199	27268143	10.71	10.76	35	1	1	1	1	1	1	1	1	1	1	1	1	1	1	0	1	0	1	1	0	1	1	0	1	1	1	1	1	1	1	1	1	2	1	0	0	1	0	1	1	1	1	1	1	1	1	1	1	0	1	1	1	1	1	0	0	1	1	1	0	1	1	2	1	1	1	1	1	1	1	2	1	1	1	1	1	1	1	0	1	0	1	1	0	0	1	1	1	1	1	1	1	1	1	1	1	0	1	0	1
22	27268143	27304394	10.76	10.80	20	1	1	1	1	1	1	1	1	1	1	1	1	1	1	0	1	0	1	1	0	1	1	0	1	1	1	1	1	1	1	1	1	1	2	0	0	1	0	1	1	1	1	1	1	1	1	1	1	0	1	1	1	1	1	0	0	1	1	1	0	1	1	2	1	1	1	1	1	0	1	2	1	1	1	1	1	1	1	0	1	0	1	1	0	0	1	1	1	1	1	1	1	1	1	1	1	0	1	0	1
22	27304394	27444637	10.80	10.94	135	1	1	1	1	1	1	1	1	1	1	1	1	1	1	0	1	0	1	1	0	1	1	0	1	1	1	1	1	1	1	1	1	1	2	0	0	1	0	1	1	1	1	1	1	1	1	1	1	0	1	1	1	1	1	0	0	1	1	1	0	1	1	2	1	1	1	1	1	0	1	2	1	1	1	1	1	1	1	1	1	0	1	1	0	0	1	1	1	1	1	1	1	1	1	1	1	0	1	0	1
22	27444637	27608087	10.94	11.10	120	1	1	1	1	1	1	1	1	1	1	1	1	1	1	0	1	0	1	1	0	1	1	0	1	1	1	1	1	1	1	1	1	1	2	0	0	1	0	1	1	1	1	1	1	1	1	1	1	0	1	1	1	1	1	0	0	1	1	1	0	0	1	2	1	1	1	1	1	0	1	2	1	1	1	1	1	1	1	1	1	0	1	1	0	0	1	1	1	1	1	1	1	1	1	1	1	0	1	0	1
22	27608087	27695057	11.10	11.19	75	1	1	1	1	1	1	1	1	1	1	1	1	1	1	0	1	0	1	1	0	1	1	0	1	1	1	1	1	1	1	1	0	1	2	0	0	1	0	1	1	1	1	1	1	1	1	1	1	0	1	1	1	1	1	0	0	1	1	1	0	0	1	2	1	1	1	1	1	0	1	2	1	1	1	1	1	1	1	1	1	0	1	1	0	0	1	1	1	1	1	1	1	1	1	1	1	0	1	0	1
22	27695057	27756439	11.19	11.25	45	1	1	1	1	1	1	1	1	1	1	1	1	1	1	0	1	0	1	1	0	1	1	0	1	1	1	1	1	1	1	1	0	1	2	0	0	1	0	1	1	1	1	1	1	1	1	1	1	0	1	1	1	1	0	0	0	1	1	1	0	0	1	2	1	1	1	1	1	0	1	0	1	1	1	1	1	1	1	1	1	0	1	1	0	0	1	1	1	1	1	1	1	1	1	1	1	0	1	0	1
22	27756439	27775511	11.25	11.27	5	1	1	1	1	1	1	1	1	1	1	1	1	1	1	0	1	0	1	1	0	1	1	0	1	1	1	1	1	1	1	1	0	1	2	0	0	1	0	1	1	1	1	1	1	1	1	1	1	0	1	1	1	1	0	0	0	1	1	0	0	0	1	2	1	1	1	1	1	0	1	0	1	1	1	1	1	1	1	1	1	0	1	1	0	0	1	1	1	1	1	1	1	1	1	1	1	0	1	0	1
22	27775511	27807098	11.27	11.30	30	1	1	1	1	1	1	1	1	1	1	1	1	1	1	0	1	0	1	1	0	1	1	0	1	1	1	1	1	1	1	1	0	1	2	0	0	1	0	1	1	1	1	1	1	1	1	1	1	0	1	1	1	1	0	0	0	1	0	0	0	0	1	2	1	1	1	1	1	0	1	0	1	1	1	1	1	1	1	1	1	0	1	1	0	0	1	1	1	1	1	1	1	1	1	1	1	0	1	0	1
22	27807098	27847318	11.30	11.34	35	1	1	1	1	1	1	1	1	1	1	1	1	1	1	0	1	0	1	1	0	1	1	0	1	1	1	1	1	1	1	1	0	1	2	0	0	1	0	1	1	1	1	1	1	1	1	1	1	0	1	1	1	1	0	0	0	1	0	0	0	0	1	2	1	1	1	1	1	0	1	0	1	1	1	1	1	1	1	1	1	0	1	1	0	0	0	1	1	1	1	1	1	1	1	1	1	0	1	0	1
22	27847318	28086145	11.34	11.58	190	1	1	1	1	1	1	1	1	1	1	1	1	1	1	0	1	0	1	1	0	1	1	0	1	1	1	1	1	1	1	1	0	1	2	0	0	1	0	1	1	1	1	1	1	1	1	1	1	0	1	1	1	1	0	0	0	1	0	0	1	0	0	2	1	1	1	1	1	0	1	0	1	1	1	1	1	1	1	1	1	0	1	1	0	0	0	1	1	1	1	1	1	1	1	1	1	0	1	0	1
22	28086145	28213044	11.58	11.71	90	1	1	1	1	1	1	1	1	1	1	1	1	1	1	0	1	0	1	1	0	1	1	0	1	1	1	1	1	1	1	1	0	1	2	0	0	1	0	1	1	1	1	1	1	1	1	1	1	0	1	1	1	1	0	0	0	1	0	0	1	0	0	1	1	1	1	1	1	0	1	0	1	1	1	1	1	1	1	1	1	0	1	1	0	0	0	1	1	1	1	1	1	1	1	1	1	0	1	0	1
22	28213044	28984447	11.71	12.48	120	1	1	1	1	1	1	1	1	1	1	1	1	1	1	0	1	0	1	0	0	1	1	0	1	1	1	1	1	1	1	1	0	1	2	1	1	1	0	1	1	1	1	1	1	1	1	1	1	0	1	1	1	0	0	0	1	1	0	0	1	0	0	1	1	1	1	1	1	0	1	0	1	1	1	1	1	1	1	1	1	0	1	1	0	0	0	1	1	1	1	1	1	1	1	1	1	0	1	0	1
22	28984447	29424920	12.48	12.92	105	1	1	1	1	1	1	1	1	1	1	1	1	1	1	0	1	0	1	0	0	1	1	0	1	1	1	1	1	1	1	1	0	1	2	1	1	1	0	1	1	1	1	1	1	1	1	1	1	0	1	1	1	0	0	0	1	1	0	0	1	0	0	1	2	1	1	1	1	0	1	0	1	1	1	1	1	1	1	1	1	0	1	1	0	0	0	1	1	1	1	1	1	1	1	1	1	0	1	0	1
22	29424920	30529631	12.92	14.03	305	1	1	1	1	1	1	1	1	1	1	1	1	1	1	0	1	0	1	0	0	1	1	0	1	1	1	1	1	1	1	1	0	1	2	1	1	1	0	1	1	1	1	1	1	1	1	1	1	0	1	1	1	0	1	0	1	1	0	0	1	0	0	1	2	1	1	1	1	0	1	0	1	1	1	1	1	1	1	1	1	0	1	1	0	0	0	1	1	1	1	1	1	1	1	1	1	0	1	0	1
22	30529631	31572963	14.03	15.07	360	1	1	1	1	1	1	1	1	1	1	1	1	1	1	0	1	0	1	0	0	1	1	0	1	1	1	1	1	1	1	1	0	1	2	1	1	1	0	1	1	1	1	1	1	1	1	1	1	0	1	1	1	0	1	0	1	1	0	0	1	2	0	1	2	1	1	1	1	0	1	0	1	1	1	1	1	1	1	1	1	0	1	1	0	0	0	1	1	1	1	1	1	1	1	1	1	0	1	0	1
22	31572963	31794754	15.07	15.29	40	1	1	1	1	1	1	1	1	1	1	1	1	1	1	0	1	0	1	0	0	1	1	0	1	1	1	1	1	1	1	1	0	1	2	1	1	1	0	1	1	1	1	1	1	1	1	1	1	0	1	1	1	0	1	0	1	1	0	0	1	2	0	1	2	1	1	1	1	0	1	0	1	1	1	1	1	1	1	1	1	0	1	1	0	1	0	1	1	1	1	1	1	1	1	1	1	0	1	0	1
22	31794754	32797959	15.29	16.29	315	1	1	1	1	1	1	1	1	1	1	1	1	1	1	0	1	0	0	0	0	1	1	0	1	1	1	1	1	1	1	0	0	1	2	1	1	1	0	1	1	1	1	1	1	1	1	1	1	0	1	1	1	0	1	0	1	1	0	0	1	2	0	1	2	1	1	1	1	0	1	0	1	1	1	1	1	1	1	1	1	0	1	1	0	1	0	1	1	1	1	1	1	1	1	1	1	0	1	0	1
22	32797959	32904634	16.29	16.40	70	1	1	1	1	1	1	1	1	1	1	1	1	1	1	0	1	0	0	0	0	1	1	0	1	1	1	1	1	1	1	0	0	1	2	1	1	1	0	1	1	1	1	1	1	1	1	1	1	0	1	1	1	0	1	0	1	1	0	0	1	2	0	1	2	1	1	1	1	0	1	0	0	1	1	1	1	1	1	1	1	0	1	1	0	1	0	1	1	1	1	1	1	1	1	1	1	0	1	0	1
22	32904634	33088914	16.40	16.58	100	1	1	1	1	1	1	1	1	1	1	1	1	0	1	0	1	0	0	0	0	1	1	0	1	1	1	1	1	1	1	0	0	1	2	1	1	1	0	1	1	1	1	1	1	1	1	1	1	0	1	1	1	0	1	0	1	1	0	0	1	0	0	1	2	1	1	1	1	1	1	0	0	1	1	1	1	1	1	1	1	0	1	1	0	1	0	1	1	1	1	1	1	1	1	1	1	0	1	0	1
22	33088914	33491853	16.58	16.99	205	1	1	1	1	1	1	1	1	1	1	1	1	0	1	0	1	0	0	0	0	1	1	0	1	1	1	1	1	1	1	0	0	2	1	1	1	1	0	1	1	1	1	1	1	1	1	1	1	0	1	1	1	0	1	0	1	1	0	1	1	0	0	1	2	0	1	1	1	1	0	0	0	1	1	1	0	1	1	0	1	0	1	1	0	1	0	1	1	1	1	1	1	1	1	1	1	1	1	1	1
22	33491853	33531291	16.99	17.03	20	1	1	1	1	1	1	1	1	1	1	1	1	0	1	0	1	0	0	1	0	1	1	0	1	1	1	1	1	1	1	0	0	2	1	1	1	1	0	1	1	1	1	1	1	1	1	1	1	0	1	1	1	0	1	0	1	1	0	1	1	0	0	1	2	0	1	1	1	1	0	0	0	1	1	1	0	1	1	0	1	0	1	1	0	1	0	1	1	1	1	1	1	1	1	1	1	1	1	1	1
22	33531291	33713686	17.03	17.21	75	1	0	1	1	1	1	1	1	1	1	1	1	0	1	0	1	0	0	1	0	1	1	0	1	1	1	1	1	1	1	0	0	2	1	1	1	1	0	1	1	1	1	1	1	1	1	1	1	0	1	1	1	0	1	0	1	0	0	1	1	0	0	1	2	0	1	1	1	1	0	0	0	1	1	1	0	1	1	0	1	0	1	1	0	1	0	0	1	1	1	1	1	1	1	1	1	1	1	1	1
22	33713686	34047793	17.21	17.54	140	1	0	1	1	1	1	1	1	1	1	1	1	0	1	0	1	0	0	1	0	1	1	0	1	1	1	1	1	1	1	0	0	2	1	1	1	1	0	1	1	1	1	1	1	1	1	1	1	0	1	1	1	0	1	0	1	0	0	1	1	0	0	1	2	0	1	1	1	1	0	0	0	1	1	1	0	1	1	0	1	0	1	1	0	1	0	0	0	1	1	1	1	1	1	1	1	1	1	1	1
22	34047793	34320457	17.54	17.82	175	1	0	1	1	1	1	1	1	1	1	1	1	0	1	0	1	0	0	1	0	1	1	0	1	1	1	1	1	1	1	0	0	2	1	1	1	1	0	1	1	1	1	1	1	1	1	1	1	0	1	1	1	0	1	0	1	0	0	1	1	0	0	1	2	0	1	1	1	1	0	0	0	1	1	1	0	1	1	0	1	0	1	1	0	1	0	0	0	1	1	0	1	1	0	1	1	1	1	1	1
22	34320457	34488452	17.82	17.98	75	1	0	1	1	1	1	1	1	1	1	1	1	0	1	0	1	0	0	1	0	1	1	0	1	1	1	1	1	1	1	0	0	2	1	1	1	1	0	1	1	1	1	0	1	1	1	1	1	0	1	1	1	0	1	0	1	0	0	1	1	0	0	1	2	0	1	1	1	1	0	0	0	1	1	1	0	1	1	0	1	0	1	1	0	1	0	0	0	1	1	0	1	1	0	1	1	1	1	1	1
22	34488452	34566967	17.98	18.06	35	1	0	0	1	1	1	0	1	0	0	1	1	0	1	0	1	0	0	1	0	1	1	0	1	1	1	1	0	1	1	0	0	2	1	1	1	1	0	1	1	0	1	0	1	1	1	1	1	0	1	1	0	0	1	1	1	0	0	1	1	0	0	1	2	0	1	1	1	1	0	1	0	1	1	1	0	1	1	0	1	0	1	1	0	1	1	0	0	1	1	0	1	1	0	1	1	1	1	1	1
22	34566967	34798121	18.06	18.29	85	1	0	0	1	1	1	0	1	0	0	1	1	0	1	0	0	0	0	1	0	1	1	0	1	1	1	1	0	1	1	0	0	2	1	1	1	1	0	1	1	0	1	0	1	1	1	1	1	0	1	1	0	0	0	1	1	0	0	1	1	0	0	1	2	0	1	1	1	1	0	1	0	1	1	1	0	1	1	0	1	0	1	1	0	1	1	0	0	1	1	0	1	1	0	1	1	1	1	1	1
22	34798121	34809067	18.29	18.30	10	1	0	0	0	1	1	0	1	0	0	1	1	0	1	0	0	0	0	1	0	1	1	0	1	1	1	1	0	1	1	0	0	2	1	1	1	1	0	1	1	0	1	0	1	1	1	1	1	0	1	1	0	0	0	1	1	0	0	1	1	0	0	1	2	0	1	1	1	1	0	1	0	1	1	1	0	1	1	0	1	0	1	1	0	1	1	0	0	1	1	0	1	1	0	1	1	1	1	1	1
22	34809067	34973064	18.30	18.47	60	1	0	0	0	1	1	0	1	0	0	1	1	0	1	0	0	0	0	1	0	1	1	0	1	1	1	1	0	1	1	0	0	2	1	1	1	1	0	1	1	0	1	0	1	1	1	1	1	0	1	1	0	0	0	1	1	0	0	1	1	0	0	1	2	0	1	1	1	1	0	1	1	1	1	1	0	1	1	0	1	0	1	1	0	1	1	0	0	1	1	0	1	1	0	1	1	1	1	1	1
22	34973064	35058857	18.47	18.55	25	1	0	0	0	1	1	0	1	0	0	1	1	0	1	0	0	0	0	1	0	1	1	0	1	1	0	1	0	1	1	0	0	2	1	1	1	1	0	1	1	0	1	0	1	1	1	1	1	0	1	1	0	0	0	1	1	0	0	1	1	0	0	2	0	0	1	1	1	1	0	1	1	0	1	1	0	1	1	0	1	0	1	1	0	1	1	0	0	1	0	0	1	1	0	1	1	1	1	1	1
22	35058857	35177350	18.55	18.67	30	1	0	0	0	0	1	0	1	0	0	1	1	0	1	0	0	0	0	1	0	1	1	0	1	1	0	1	0	1	1	0	0	2	1	1	1	1	0	1	1	0	1	0	1	1	1	1	1	0	1	1	0	0	0	1	1	0	0	1	1	0	0	2	0	0	1	1	1	1	0	1	1	0	1	1	0	1	1	0	1	0	1	1	0	1	1	0	0	1	0	0	0	1	0	1	1	1	1	1	1
22	35177350	35346625	18.67	18.84	85	1	0	0	0	0	1	0	1	0	0	1	1	0	1	0	0	0	0	1	0	1	1	0	1	0	0	1	0	1	1	0	0	2	1	1	1	1	0	1	1	0	1	0	1	1	1	1	1	0	1	1	0	0	0	1	1	0	0	1	1	0	0	2	0	0	1	1	1	1	0	1	1	0	1	1	0	1	1	0	1	0	1	1	0	1	1	0	0	1	0	0	0	1	0	1	1	1	1	1	1
22	35346625	35391200	18.84	18.89	25	1	0	0	0	0	1	0	1	0	0	1	1	0	1	0	0	0	0	1	0	1	1	0	1	0	0	1	0	1	1	0	0	2	1	1	1	1	0	1	1	0	1	0	1	1	1	1	1	0	1	1	0	0	0	1	1	0	0	1	1	0	0	0	0	0	1	1	1	1	0	1	1	0	1	1	0	1	1	0	1	0	1	1	0	1	1	0	0	1	0	0	0	1	0	1	1	1	1	1	1
22	35391200	35558827	18.89	19.05	115	1	0	0	0	0	1	0	1	0	0	1	1	0	1	0	0	0	0	1	0	1	1	0	1	0	0	1	0	0	1	0	0	2	1	1	1	1	0	1	1	0	0	0	1	1	1	1	1	0	1	1	0	0	0	1	1	0	0	1	1	0	0	0	0	0	1	1	1	1	0	1	1	0	1	0	0	1	1	0	1	0	1	0	0	1	1	0	0	1	0	0	0	1	0	1	1	1	1	1	1
22	35558827	35631590	19.05	19.13	30	1	0	0	0	0	1	0	1	0	0	1	1	0	1	0	0	0	0	1	0	1	1	0	1	0	0	1	0	0	1	0	0	2	1	1	1	1	0	1	1	0	0	0	1	1	1	1	1	0	1	1	0	0	0	1	1	0	0	1	1	0	0	0	0	0	1	1	1	1	0	1	1	0	1	0	0	1	1	0	1	0	1	0	0	1	1	0	0	1	0	0	0	1	0	1	1	0	1	1	1
22	35631590	35828300	19.13	19.32	90	1	0	0	0	0	1	0	1	0	0	1	1	0	1	0	0	0	0	1	0	1	1	0	1	0	0	1	0	0	1	0	0	2	1	1	1	1	0	1	1	0	0	0	1	0	1	1	1	0	0	1	0	0	0	1	1	0	0	1	1	0	0	0	0	0	1	1	1	0	0	1	1	0	1	0	0	1	1	0	1	0	1	0	0	1	1	0	0	1	0	0	0	1	0	1	1	0	1	1	1
22	35828300	36014262	19.32	19.51	70	1	0	0	0	0	1	0	1	0	0	1	1	0	1	0	0	0	0	1	0	1	1	0	1	0	0	1	0	0	1	0	0	2	1	1	1	1	0	1	1	0	0	0	1	0	1	1	1	0	0	1	0	0	0	1	1	0	0	1	1	0	0	0	0	0	1	1	1	0	0	1	1	0	1	0	0	1	1	0	1	0	1	0	0	1	1	0	0	1	0	0	0	1	0	1	1	0	1	0	1
22	36014262	36056728	19.51	19.55	15	1	0	0	0	0	1	0	1	0	0	1	1	0	1	0	0	0	0	0	0	1	1	0	1	0	0	1	0	0	1	0	0	2	1	1	1	1	0	1	1	0	0	0	1	0	1	1	1	0	0	1	0	0	0	1	1	0	0	1	1	0	0	0	0	0	1	1	1	0	0	1	1	0	1	0	0	1	1	0	1	0	1	0	0	1	1	0	0	1	0	0	0	1	0	1	0	0	1	0	1
22	36056728	36242487	19.55	19.74	40	1	0	0	0	0	1	0	1	0	0	1	1	0	1	0	0	0	0	0	0	1	1	0	1	0	0	1	0	0	1	0	0	2	1	1	1	1	0	1	1	0	0	0	1	0	1	1	1	0	0	1	0	0	0	1	1	0	0	1	1	0	0	0	0	0	1	1	1	0	0	1	1	0	1	0	0	1	1	0	1	0	1	2	0	1	1	0	0	1	0	0	0	1	0	1	0	0	1	0	1
22	36242487	36377043	19.74	19.87	20	1	0	0	0	0	1	0	1	0	0	1	0	0	0	0	0	0	0	0	0	1	1	0	1	0	0	1	0	0	0	0	0	2	1	1	1	0	0	0	0	0	0	0	0	0	1	1	1	0	0	1	0	0	0	1	1	0	0	1	1	0	0	0	0	0	0	1	1	0	0	1	1	0	1	0	0	1	1	0	1	0	1	2	0	0	1	0	0	1	0	0	0	1	0	1	0	0	1	0	1
22	36377043	36639742	19.87	20.14	130	1	0	0	0	0	1	0	1	0	0	1	0	0	0	0	0	0	0	0	0	1	1	0	1	0	0	1	0	0	0	0	0	2	1	1	1	0	0	0	0	0	0	0	0	0	1	1	1	0	0	1	0	0	0	1	1	0	0	1	1	0	0	0	0	0	0	1	1	0	0	1	1	0	1	0	0	1	1	0	1	0	1	2	0	0	0	0	0	1	0	0	0	1	0	1	0	0	1	0	1
22	36639742	36795584	20.14	20.29	80	0	0	0	0	0	1	0	1	0	0	1	0	0	0	0	0	0	0	0	0	0	1	0	1	0	0	1	0	0	0	0	0	2	1	1	1	0	0	0	0	0	0	0	0	0	1	1	1	0	0	1	0	0	0	1	0	0	0	1	1	0	0	0	0	0	0	1	0	0	0	1	1	0	1	0	0	1	1	0	1	0	1	2	0	0	0	0	0	1	0	0	0	1	0	0	0	0	1	0	1
22	36795584	36989406	20.29	20.49	80	0	0	0	0	0	1	0	1	0	0	0	0	0	0	0	0	0	0	0	0	0	1	0	1	0	0	0	0	0	0	0	0	2	1	1	1	0	0	0	0	0	0	0	0	0	1	1	1	0	0	1	0	0	0	1	0	0	0	1	1	0	0	0	0	0	0	1	0	0	0	1	0	0	1	0	0	1	1	0	0	0	1	2	0	0	0	0	0	1	0	0	0	1	0	0	0	0	1	0	1
22	36989406	37043667	20.49	20.54	20	0	0	0	0	0	1	0	1	0	0	0	0	0	0	0	0	0	0	0	0	0	1	0	1	0	0	0	0	0	0	0	0	2	1	0	1	0	0	0	0	0	0	0	0	0	1	1	1	0	0	0	0	0	0	1	0	0	0	0	1	0	0	0	0	0	0	1	0	0	0	1	0	0	1	0	0	0	1	0	0	0	1	2	0	0	0	0	0	1	0	0	0	1	0	0	0	0	0	0	1
22	37043667	37187256	20.54	20.68	50	0	0	0	0	0	1	0	1	0	0	0	0	0	0	0	0	0	0	0	0	0	1	0	1	0	0	0	0	0	0	0	0	2	1	0	1	0	0	0	0	0	0	0	0	0	1	1	1	0	0	0	0	0	0	0	0	0	0	0	1	0	0	0	0	0	0	1	0	0	0	1	0	0	0	0	0	0	1	0	0	0	1	2	0	0	0	0	0	1	0	0	0	1	0	0	0	0	0	0	1
22	37187256	37308785	20.68	20.80	65	0	0	0	0	0	1	0	1	0	0	0	0	0	0	0	0	0	0	0	0	0	1	0	1	0	0	0	0	0	0	0	0	2	1	0	1	0	0	0	0	0	0	0	0	0	1	1	1	0	0	0	0	0	0	0	0	0	0	0	1	0	0	0	0	0	0	1	0	0	0	1	0	0	0	0	0	0	0	0	0	0	1	2	0	0	0	0	0	1	0	0	0	0	0	0	0	0	0	0	1
22	37308785	37387257	20.80	20.88	50	0	0	0	0	0	1	0	1	0	0	0	0	0	0	0	0	0	0	0	0	0	1	0	1	0	0	0	0	0	0	0	0	2	1	0	0	0	0	0	0	0	0	0	0	0	1	1	1	0	0	0	0	0	0	0	0	0	0	0	1	0	0	0	0	0	0	1	0	0	0	1	0	0	0	0	0	0	0	0	0	0	1	2	0	0	0	0	0	1	0	0	0	0	0	0	0	0	0	0	1
22	37387257	37445420	20.88	20.94	20	0	0	0	0	0	1	0	1	0	0	0	0	0	0	0	0	0	0	0	0	0	0	0	1	0	0	0	0	0	0	0	0	2	1	0	0	0	0	0	0	0	0	0	0	0	1	1	1	0	0	0	0	0	0	0	0	0	0	0	1	0	0	0	0	0	0	1	0	0	0	1	0	0	0	0	0	0	0	0	0	0	1	2	0	0	0	0	0	1	0	0	0	0	0	0	0	0	0	0	1
22	37445420	37692092	20.94	21.19	175	0	0	0	0	0	1	0	1	0	0	0	0	0	0	0	0	0	0	0	0	0	0	0	0	0	0	0	0	0	0	0	0	2	1	0	0	0	0	0	0	0	0	0	0	0	1	1	0	0	0	0	0	0	0	0	0	0	0	0	1	0	0	0	0	0	0	0	0	0	0	0	0	0	0	0	0	0	0	0	0	0	1	2	0	0	0	0	0	1	0	0	0	0	0	0	0	0	0	0	1
22	37692092	37951451	21.19	21.45	105	0	0	0	0	0	1	0	1	0	0	0	0	0	0	0	0	0	0	0	0	0	0	0	0	0	2	0	0	0	0	0	0	2	1	0	0	0	0	0	0	0	0	0	0	0	1	1	0	0	0	0	0	0	0	0	0	0	0	0	1	0	0	0	0	0	0	0	0	0	0	0	0	0	0	0	0	0	0	0	0	0	1	2	0	0	0	0	0	1	0	0	0	0	0	0	0	0	0	0	0
22	37951451	38152929	21.45	21.65	70	0	0	0	0	0	1	0	0	0	0	0	0	0	0	0	0	0	0	0	0	0	0	0	0	0	2	0	0	0	0	0	0	2	1	0	0	0	0	0	0	0	0	0	0	0	1	1	0	0	0	0	0	0	0	0	0	0	0	0	1	0	0	0	0	0	0	0	0	0	0	0	0	0	0	0	0	0	0	0	0	0	1	2	0	0	0	0	0	1	0	0	0	0	0	0	0	0	0	0	0
22	38152929	38438049	21.65	21.93	60	0	0	0	0	0	1	0	0	0	0	0	0	0	0	0	0	0	0	0	0	0	0	0	0	0	2	0	0	0	0	0	0	2	1	0	0	0	0	0	0	0	0	0	0	0	1	0	0	0	0	0	0	0	0	0	0	0	0	0	0	0	0	0	0	0	0	0	0	0	0	0	0	0	0	0	0	0	0	0	0	0	1	2	0	0	0	0	0	1	0	0	0	0	0	0	0	0	0	0	0
22	38438049	38964877	21.93	22.46	165	0	0	0	0	0	1	0	0	0	0	0	0	0	0	0	0	0	0	0	0	0	0	0	0	0	2	0	0	0	0	0	0	2	1	0	0	0	0	0	0	0	0	0	0	0	1	0	0	0	0	0	0	0	0	0	0	0	0	0	0	0	0	0	0	0	0	0	0	0	0	0	0	0	0	0	0	0	0	0	0	0	0	2	0	0	0	0	0	2	0	0	0	0	0	0	0	0	0	0	0
22	38964877	39377482	22.46	22.87	110	0	0	0	0	0	0	0	0	0	0	0	0	0	0	0	0	0	0	0	0	0	0	0	0	0	0	0	0	0	0	0	0	2	1	0	0	0	0	0	0	0	0	0	0	0	1	0	0	0	0	0	0	0	0	0	0	0	0	0	0	0	0	0	0	0	0	0	0	0	0	0	0	0	0	0	0	0	0	0	0	0	0	2	0	0	0	0	0	2	0	0	0	0	0	0	0	0	0	0	0
22	39377482	39952098	22.87	23.45	210	0	0	0	0	0	0	0	0	0	0	0	0	0	0	0	0	0	0	0	0	0	0	0	0	0	0	0	0	0	0	0	0	2	1	0	0	0	0	0	0	0	0	0	0	0	1	0	0	0	0	0	0	0	0	0	0	1	0	0	0	0	0	0	0	0	0	0	0	0	0	0	0	0	0	0	0	0	0	0	0	0	0	2	0	0	0	0	0	2	0	0	0	0	0	0	0	0	0	0	0
22	39952098	40235836	23.45	23.73	75	0	0	0	0	0	0	0	0	0	0	0	0	0	1	0	0	0	0	0	0	0	0	0	0	0	0	0	0	0	0	0	0	2	1	0	0	0	0	0	0	0	0	0	0	0	1	0	0	0	0	0	0	0	0	0	0	1	0	0	0	0	0	0	0	0	0	0	0	0	0	0	0	0	0	0	0	0	0	0	0	0	0	2	0	0	0	0	0	2	0	0	0	0	0	0	0	0	0	0	0
22	40235836	40971703	23.73	24.47	135	0	0	0	0	0	0	0	0	0	0	0	0	0	1	0	0	0	0	0	0	0	0	0	0	0	0	0	0	0	0	0	0	2	0	0	0	1	0	0	0	0	0	0	0	0	1	0	0	0	0	0	0	0	0	0	0	1	0	0	0	0	0	0	0	0	0	0	0	0	0	0	0	0	0	0	0	0	0	0	0	0	0	2	0	0	0	0	0	2	0	0	0	0	0	0	0	0	0	0	0
22	40971703	41418154	24.47	24.91	80	0	0	0	0	0	0	0	0	0	0	0	0	0	1	0	0	0	0	0	0	0	0	0	0	0	0	0	0	0	0	0	0	2	0	0	0	1	0	0	0	0	0	0	0	0	0	0	0	0	0	0	0	0	0	0	0	1	0	0	0	0	0	0	0	0	0	0	0	0	0	0	0	0	0	0	0	0	0	0	0	0	0	2	0	0	0	0	0	2	0	0	0	0	0	0	0	0	0	0	0
22	41418154	41865809	24.91	25.36	95	0	0	0	0	0	0	0	0	0	0	0	0	0	1	0	0	0	0	0	0	0	0	0	0	0	0	0	0	0	0	0	0	2	0	0	0	1	0	0	0	0	0	0	0	0	0	0	0	0	1	0	0	0	0	0	0	1	0	0	0	0	0	0	0	0	0	0	0	0	0	0	0	0	0	0	0	0	0	0	0	0	0	2	0	0	0	0	0	2	0	0	0	0	0	0	0	0	0	0	0
22	41865809	42612297	25.36	26.11	245	0	0	0	0	0	0	0	0	0	1	0	0	0	1	0	0	0	0	0	0	0	0	0	0	0	0	0	0	0	0	0	0	2	0	0	0	1	0	0	0	0	0	0	0	0	0	0	0	0	1	0	0	0	0	0	0	1	0	0	0	0	1	0	0	0	0	0	0	0	0	0	0	0	0	0	0	0	0	0	0	0	0	2	0	0	0	0	0	2	0	0	0	0	0	0	0	0	0	0	0
22	42612297	42731540	26.11	26.23	35	0	0	0	0	0	0	0	0	1	1	1	0	0	1	0	0	0	0	0	0	0	0	0	0	0	1	0	0	1	0	0	0	2	0	0	0	1	0	0	0	0	0	0	1	0	0	0	0	0	1	0	0	1	0	0	0	1	0	1	0	0	1	0	0	0	0	0	0	0	0	1	1	0	0	0	0	0	0	0	0	0	0	2	0	0	0	0	0	2	0	0	0	0	0	0	0	0	1	1	0
22	42731540	42793563	26.23	26.29	20	0	0	0	0	0	0	0	0	1	1	1	0	0	1	0	0	0	0	0	0	0	0	0	0	0	1	0	0	1	0	0	0	2	0	0	0	1	0	0	0	0	0	0	1	0	0	0	1	0	1	0	1	1	0	0	0	1	0	1	0	0	1	0	0	0	0	0	0	0	0	1	1	0	0	0	0	0	0	0	0	0	0	2	0	0	0	0	0	2	0	0	0	0	0	0	0	0	1	1	0
22	42793563	42950033	26.29	26.45	45	0	0	0	0	0	0	0	0	1	1	1	0	0	1	0	0	0	0	0	0	0	0	0	0	0	1	0	0	1	0	1	0	2	0	0	0	1	0	0	0	0	0	0	1	0	0	0	1	0	1	0	1	1	0	0	0	1	0	1	0	0	1	0	0	0	0	0	0	0	0	1	1	0	0	0	0	0	0	0	0	0	0	2	0	0	0	0	0	2	0	0	0	0	0	0	0	0	1	1	0
22	42950033	43011674	26.45	26.51	15	0	0	0	0	0	0	0	0	1	1	1	0	0	1	0	0	0	0	0	0	0	0	0	0	1	1	0	0	1	0	1	0	2	0	0	1	1	1	0	0	0	0	0	1	0	0	1	1	0	1	0	1	1	0	0	0	1	0	1	0	0	1	0	0	1	1	1	0	0	0	1	1	0	1	0	0	0	0	0	0	0	0	2	0	0	0	0	0	2	0	0	0	0	0	0	0	0	1	1	0
22	43011674	43032870	26.51	26.53	15	0	1	0	0	1	1	0	0	1	1	1	0	0	1	0	0	0	0	0	0	0	0	0	0	1	1	1	0	1	0	1	1	2	1	1	1	1	1	0	1	1	0	0	1	0	0	1	1	0	1	0	1	1	0	0	1	1	0	1	0	0	1	0	0	1	1	1	0	0	1	1	1	0	1	0	0	1	0	0	0	0	0	2	0	0	0	0	0	2	0	0	1	0	0	0	0	1	1	1	0
22	43032870	43142948	26.53	26.64	50	0	1	0	0	1	1	0	0	1	1	1	0	0	1	0	0	0	0	0	0	0	1	0	0	1	1	1	0	1	0	1	1	2	1	1	1	1	1	0	1	1	0	0	1	0	0	1	1	0	1	0	1	1	0	0	1	1	0	1	0	0	1	0	0	1	1	1	0	0	1	1	1	0	1	0	0	1	0	0	0	0	0	2	0	0	0	0	0	2	0	0	1	0	0	0	0	1	1	1	0
22	43142948	43233333	26.64	26.73	30	0	1	0	0	1	1	0	0	1	1	1	0	0	1	0	0	0	0	0	0	1	1	1	0	1	1	1	0	1	0	1	1	2	1	1	1	1	1	0	1	1	0	0	1	0	0	1	1	0	1	1	1	1	0	0	1	1	0	1	1	0	1	0	0	1	1	1	0	0	1	1	1	1	1	0	0	1	0	0	0	1	0	2	0	1	0	0	1	2	1	1	1	0	0	1	0	1	1	1	0
22	43233333	43374313	26.73	26.87	30	0	1	0	0	1	1	0	1	1	1	1	0	0	1	0	0	0	0	0	0	1	1	1	0	1	1	1	0	1	0	1	1	2	1	1	1	1	1	0	1	1	0	0	1	0	0	1	1	0	1	1	1	1	0	0	1	1	0	1	1	0	1	0	0	1	1	1	1	0	1	1	1	1	1	1	1	1	0	0	0	1	0	2	1	1	0	0	1	2	1	1	1	0	1	1	0	1	1	1	0
22	43374313	43439296	26.87	26.93	15	0	1	0	0	1	1	0	1	1	1	1	0	0	1	0	0	0	0	0	0	1	1	1	0	1	1	1	0	1	0	1	1	2	1	1	1	1	1	0	1	1	0	0	1	0	0	1	1	0	1	1	1	1	0	0	1	1	0	1	1	1	1	0	0	1	1	1	1	0	1	1	1	1	1	1	1	1	1	1	0	1	0	2	1	1	0	0	1	2	1	1	1	0	1	1	1	1	1	1	0
22	43439296	43546733	26.93	27.04	50	0	1	0	0	1	1	0	1	1	1	1	0	1	1	0	0	0	0	0	0	1	1	1	0	1	1	1	0	1	0	1	1	2	1	1	1	1	1	0	1	1	0	0	1	0	0	1	1	0	1	1	1	1	0	0	1	1	0	1	1	1	1	0	0	1	1	1	1	0	1	1	1	1	1	1	1	1	1	1	0	1	1	2	1	1	0	0	1	2	1	1	1	0	1	1	1	1	1	1	0
22	43546733	43587956	27.04	27.08	45	0	1	0	1	1	1	0	1	1	1	1	0	1	1	0	0	0	0	1	0	1	1	1	0	1	1	1	0	1	0	1	1	2	1	1	1	1	1	0	1	1	0	0	1	0	0	1	1	0	1	1	1	1	0	0	1	1	0	1	1	1	1	0	0	1	1	1	1	0	1	1	1	1	1	1	1	1	1	1	0	1	1	2	1	1	0	0	1	2	1	1	1	0	1	1	1	1	1	1	0
22	43587956	43680239	27.08	27.18	70	0	1	0	1	1	1	0	1	1	1	1	0	1	1	0	0	0	0	1	0	1	1	1	1	1	1	1	0	1	0	1	1	2	1	1	1	1	1	0	1	1	0	0	1	1	0	1	1	0	1	1	1	1	0	1	1	1	0	1	1	1	1	0	0	1	1	1	1	0	1	1	1	1	1	1	1	1	1	1	0	1	1	2	1	1	0	0	1	2	1	1	1	0	1	1	1	1	1	1	0
22	43680239	43734266	27.18	27.23	40	0	1	0	1	1	1	0	1	1	1	1	0	1	1	0	0	0	0	1	0	1	1	1	1	1	1	1	0	1	0	1	1	2	1	1	1	1	1	0	1	1	0	0	1	1	0	1	1	0	1	1	1	1	0	1	1	1	0	1	1	1	1	0	0	1	1	1	1	0	1	1	1	1	1	1	1	1	1	1	1	1	1	2	1	1	0	0	1	2	1	1	1	0	1	1	1	1	1	1	0
22	43734266	43767079	27.23	27.26	10	0	1	0	1	1	1	0	1	1	1	1	0	1	1	0	0	0	0	1	0	1	1	1	1	1	1	1	0	1	0	1	1	2	1	1	1	1	1	0	1	1	0	0	1	1	0	1	1	0	1	1	1	1	0	1	1	1	0	1	1	1	1	0	0	1	1	1	1	0	1	1	1	1	1	1	1	1	1	1	1	1	1	2	1	1	0	0	1	2	1	1	1	0	1	1	1	1	1	1	1
22	43767079	43878697	27.26	27.37	50	0	1	0	1	1	1	0	1	1	1	1	0	1	1	0	0	0	0	1	0	1	1	1	1	1	1	1	0	1	0	1	1	2	1	1	1	1	1	0	1	1	0	0	1	1	0	1	1	1	1	1	1	1	0	1	1	1	0	1	1	1	1	0	0	1	1	1	1	0	1	1	1	1	1	1	1	1	1	1	1	1	1	2	1	1	0	0	1	2	1	1	1	0	1	1	1	1	1	1	1
22	43878697	44342174	27.37	27.84	225	0	1	0	1	1	1	0	1	1	1	1	0	1	1	0	0	0	0	1	0	1	1	1	1	1	1	1	1	1	0	1	1	2	1	1	1	1	1	0	1	1	0	0	1	1	1	1	1	1	1	1	1	1	0	1	1	1	0	1	1	1	1	0	0	1	1	1	1	0	1	1	1	1	1	1	1	1	1	1	1	1	1	2	1	1	0	0	1	2	1	1	1	0	1	1	1	1	1	1	1
22	44342174	44513473	27.84	28.01	95	0	1	0	1	1	1	0	1	1	1	1	0	1	1	0	0	0	0	1	1	1	1	1	1	1	1	1	1	1	0	1	1	2	1	1	1	1	1	1	1	1	0	0	1	1	1	1	1	1	1	1	1	1	0	1	1	1	0	1	1	1	1	0	0	1	1	1	1	0	1	1	1	1	1	1	1	1	1	1	1	1	1	2	1	1	0	0	1	2	1	1	1	0	1	1	1	1	1	1	1
22	44513473	44539902	28.01	28.04	15	0	1	0	1	1	1	0	1	1	1	1	1	1	1	0	0	0	0	1	1	1	1	1	1	1	1	1	1	1	0	1	1	1	1	1	1	1	1	1	1	1	0	0	1	1	1	1	1	1	1	1	1	1	0	1	1	1	0	1	1	1	1	0	0	1	1	1	1	0	1	1	1	1	1	1	1	1	1	1	1	1	1	2	2	1	0	0	1	2	1	1	1	0	1	1	1	1	1	1	1
22	44539902	44610981	28.04	28.11	60	0	1	0	1	1	1	0	1	1	1	1	1	1	1	0	0	0	0	1	1	1	1	1	1	1	1	1	1	1	0	1	1	1	2	1	1	1	1	1	1	1	0	0	1	1	1	1	1	1	1	1	1	1	0	1	1	1	0	1	1	1	1	0	0	1	1	1	1	1	1	1	1	1	1	1	1	1	1	1	0	1	1	2	2	1	0	0	1	2	1	1	1	0	1	1	1	1	1	1	1
22	44610981	44707716	28.11	28.20	60	0	1	0	1	1	1	0	1	1	1	0	1	1	1	0	0	0	0	1	1	1	1	1	1	1	1	1	1	1	0	1	1	1	2	1	1	1	1	1	1	1	0	0	1	1	1	1	1	1	1	1	1	1	0	1	1	1	0	1	1	1	1	0	0	1	1	1	1	1	1	1	1	1	1	1	1	1	1	1	0	1	1	2	2	1	0	0	1	2	1	1	1	0	1	1	1	1	1	1	1
22	44707716	44910117	28.20	28.41	130	0	1	1	1	1	1	0	1	1	1	0	1	1	1	0	0	0	0	1	1	1	1	1	1	1	1	1	1	1	0	1	1	1	2	1	1	1	1	1	1	1	1	0	1	1	1	1	1	1	1	1	1	1	0	1	1	1	0	1	1	1	1	0	0	1	1	1	1	1	1	1	1	1	1	1	1	1	1	1	0	1	1	2	2	1	0	0	1	2	1	1	1	0	1	1	1	1	1	1	1
22	44910117	45020348	28.41	28.52	65	0	1	1	1	1	1	0	1	1	1	0	1	1	1	0	0	0	0	1	1	1	1	1	1	1	1	1	1	1	0	1	1	1	2	1	1	1	1	1	1	1	1	0	1	1	1	1	1	1	1	1	1	1	0	1	1	1	1	1	0	1	1	0	0	1	1	1	1	1	1	1	1	1	1	1	1	1	1	1	0	1	1	2	2	1	0	0	1	2	1	1	1	0	1	1	1	1	1	1	1
22	45020348	45139506	28.52	28.64	60	0	1	1	1	1	1	1	1	1	1	0	1	1	1	0	0	0	0	1	1	1	1	1	1	1	1	1	1	1	0	1	1	1	2	1	1	1	1	1	1	1	1	0	1	1	1	1	1	1	1	1	1	1	0	1	1	1	1	1	0	1	1	0	0	1	1	1	1	1	1	1	1	1	1	1	1	1	1	1	0	1	1	2	2	1	0	0	1	2	1	1	1	0	1	1	1	1	1	1	1
22	45139506	45199058	28.64	28.69	40	0	1	1	1	1	1	1	1	1	1	0	1	1	1	0	0	0	0	1	1	1	1	1	1	1	1	1	1	1	0	1	1	2	1	1	1	1	1	1	1	1	1	0	1	1	1	1	1	1	1	1	1	1	0	1	1	1	1	1	0	1	1	0	0	1	1	1	1	1	1	1	1	1	1	1	1	1	1	1	0	1	1	2	2	1	0	0	1	2	1	1	1	0	1	1	1	1	1	1	1
22	45199058	45368531	28.69	28.86	115	0	1	1	1	1	1	1	1	1	1	0	1	1	1	0	0	1	0	1	1	1	1	1	1	1	1	1	1	1	0	1	1	2	1	1	1	1	1	1	1	1	1	0	1	1	1	1	1	1	1	1	1	1	0	1	1	1	1	1	0	1	1	0	0	1	1	1	1	1	1	1	1	1	1	1	1	1	1	1	0	1	1	2	2	1	0	0	1	2	1	1	1	0	1	1	1	1	1	1	1
22	45368531	45480705	28.86	28.98	60	0	1	1	1	1	1	1	1	1	1	0	1	1	1	0	0	1	0	1	1	1	1	1	1	1	1	1	1	1	0	1	1	2	1	1	1	1	1	1	1	1	1	0	1	1	1	1	1	1	1	1	1	1	0	1	1	1	1	1	0	1	1	0	0	1	1	1	1	1	1	1	1	1	1	1	1	1	1	1	0	1	1	2	1	1	0	0	1	2	1	1	1	0	1	1	1	1	1	1	1
22	45480705	45705241	28.98	29.20	115	0	1	1	1	1	1	1	1	1	1	0	1	1	1	0	0	1	0	1	1	1	1	1	1	1	1	1	1	1	1	1	1	2	1	1	1	1	1	1	1	1	1	0	1	1	1	1	1	1	1	1	1	1	0	1	1	1	1	1	0	1	1	0	0	1	1	1	1	1	1	1	1	1	1	1	1	1	1	1	0	1	1	2	1	1	0	0	1	1	2	1	1	0	1	1	1	1	1	1	1
22	45705241	46356554	29.20	29.85	245	0	1	0	1	1	1	1	1	1	1	1	1	1	1	0	0	1	0	1	1	1	1	1	1	1	1	1	1	1	1	1	1	2	1	1	1	1	1	1	1	1	1	0	1	1	1	1	1	1	1	1	1	1	0	1	1	1	1	1	0	1	1	0	0	1	1	1	1	1	1	1	1	1	1	1	1	1	1	1	0	1	1	2	1	1	0	0	1	1	2	1	1	0	1	1	1	1	1	1	1
22	46356554	46562959	29.85	30.06	60	0	1	0	1	1	1	1	1	1	1	1	1	1	1	0	0	1	0	1	1	0	1	1	1	1	1	1	1	1	1	1	1	2	1	1	1	1	1	1	1	1	1	0	1	1	1	1	1	1	1	1	1	1	0	1	1	1	1	2	0	1	1	0	0	1	1	1	1	1	1	1	1	1	1	1	1	1	1	1	0	1	1	2	1	1	0	0	1	1	2	1	1	1	0	1	1	0	1	1	1
22	46562959	46863319	30.06	30.36	160	0	1	0	1	1	1	1	1	1	1	1	1	1	1	1	0	1	0	1	1	0	1	1	1	1	1	1	1	1	1	1	1	2	1	1	1	1	1	1	1	1	1	0	1	1	1	1	1	1	1	1	1	1	0	1	1	1	1	2	0	1	1	0	0	1	1	1	1	1	1	1	1	1	1	1	1	1	1	1	0	1	1	2	1	1	0	0	1	1	2	1	1	1	0	1	1	0	1	1	1
22	46863319	47585294	30.36	31.08	330	0	1	0	1	1	1	1	1	1	1	1	1	1	1	1	0	1	0	1	1	0	1	1	1	1	1	1	1	1	1	1	1	1	2	1	1	1	1	1	1	1	1	0	1	1	1	1	1	1	1	1	1	1	0	1	1	1	1	2	0	1	1	0	0	1	1	1	1	1	1	1	1	1	1	1	1	1	1	1	0	1	1	2	1	1	0	0	1	1	2	1	1	1	0	1	1	0	1	1	1
22	47585294	47706502	31.08	31.20	45	0	1	0	1	1	1	1	1	1	1	1	1	1	1	1	0	1	0	1	1	0	1	1	1	1	1	1	1	1	1	1	1	1	2	1	0	1	1	1	1	1	1	0	1	1	1	1	1	1	1	1	1	1	0	1	1	1	1	2	0	1	1	0	0	1	1	1	1	1	1	1	1	1	1	1	1	1	1	1	0	1	1	2	1	1	0	0	1	1	2	1	1	1	0	1	1	0	1	1	1
22	47706502	47922828	31.20	31.42	80	0	1	0	1	1	1	1	1	1	1	1	1	1	1	1	0	1	0	1	1	0	1	1	1	1	1	1	1	1	1	1	1	1	2	1	0	1	1	1	1	1	1	0	1	1	1	1	1	1	1	1	1	1	0	1	1	1	1	2	0	1	1	0	0	1	1	1	1	1	1	1	1	1	1	1	1	1	1	1	1	1	1	2	1	1	0	0	1	1	2	1	1	1	0	1	1	0	1	1	1
22	47922828	48460689	31.42	31.96	320	0	1	0	1	1	1	1	1	1	1	1	1	1	1	1	0	1	0	1	1	1	1	1	1	1	1	1	1	1	1	1	1	1	2	1	0	1	1	1	1	1	1	0	1	1	1	1	1	1	1	1	1	1	0	1	1	1	1	2	0	1	1	0	0	1	1	1	1	1	1	1	1	1	1	1	1	1	1	1	1	1	1	2	1	1	0	0	1	1	2	1	1	1	0	1	1	0	1	1	1
22	48460689	48633217	31.96	32.13	95	0	1	0	1	1	1	1	1	1	1	1	1	1	1	1	0	1	0	1	1	1	1	1	1	1	1	1	1	1	1	1	1	1	2	1	0	1	1	1	1	1	1	0	1	1	1	1	1	1	1	1	1	1	0	1	1	1	1	2	0	1	1	0	0	1	1	1	2	1	1	1	1	1	1	1	1	1	1	1	1	1	1	2	1	1	0	0	1	1	2	1	1	1	0	1	1	0	1	1	1
22	48633217	48801666	32.13	32.30	115	0	1	0	1	1	1	1	1	1	1	1	1	1	1	1	0	1	0	1	1	1	1	1	1	1	1	1	1	1	1	1	1	2	2	1	0	1	1	1	1	1	1	0	1	1	1	1	1	1	1	1	1	1	0	1	1	1	1	2	0	1	1	0	0	1	1	1	2	1	1	1	1	1	1	1	1	1	1	1	1	1	1	2	1	1	0	0	1	1	2	1	1	1	0	1	1	0	1	1	1
22	48801666	48988885	32.30	32.48	140	0	1	0	1	1	1	1	1	1	1	1	1	1	1	1	0	1	0	1	1	1	1	1	1	1	1	1	1	1	1	1	1	2	2	1	0	1	0	1	1	1	1	1	1	1	1	1	1	1	1	1	1	1	0	1	1	1	1	2	0	1	1	0	0	1	1	1	2	1	1	1	1	1	1	1	1	1	1	1	1	1	1	2	1	1	0	0	1	1	2	1	1	1	0	1	1	0	1	1	1
22	48988885	49119597	32.48	32.62	105	0	1	0	1	1	1	1	1	1	1	1	1	1	1	1	1	1	0	1	1	1	1	1	1	1	1	1	1	1	1	1	1	2	2	1	0	1	0	1	1	1	1	1	1	1	1	1	1	1	0	1	1	1	0	1	1	1	1	2	0	1	1	0	0	1	1	1	0	1	1	1	1	1	1	1	1	1	1	1	1	1	1	2	1	1	0	0	1	1	2	1	1	1	0	1	1	0	1	1	1
22	49119597	49263285	32.62	32.76	100	0	1	0	1	1	1	1	1	1	1	1	1	1	1	1	1	1	0	1	1	1	1	1	1	1	1	1	1	1	1	1	1	0	2	1	0	1	0	1	1	1	1	1	1	1	1	1	1	1	0	1	1	1	0	1	1	1	1	2	0	1	1	0	0	1	1	1	0	1	1	1	1	1	1	1	1	1	1	1	1	1	1	2	1	1	0	0	1	1	2	1	1	1	0	1	1	0	1	1	1
22	49263285	49491576	32.76	32.99	135	0	1	0	1	1	1	1	1	1	1	1	1	1	1	1	1	1	0	1	1	1	1	1	1	1	1	1	1	1	1	1	1	0	2	1	0	1	0	1	1	1	1	1	0	1	1	1	1	1	0	1	1	1	0	1	1	1	1	0	2	1	1	0	0	1	1	0	0	1	1	1	1	1	1	1	1	1	1	1	1	1	1	2	1	1	0	0	1	1	2	1	1	1	0	1	1	0	1	0	1
22	49491576	49559242	32.99	33.05	40	0	1	0	1	1	1	1	1	1	1	1	1	1	1	1	1	1	0	1	1	1	1	1	1	1	1	1	1	1	1	1	1	0	2	1	0	1	0	1	1	1	1	1	0	1	1	1	1	1	0	1	1	1	0	1	1	1	1	0	2	1	1	0	0	1	1	0	0	0	0	1	1	1	1	1	1	1	1	1	1	1	1	2	1	1	0	0	1	1	2	1	1	1	0	1	1	0	1	0	1
22	49559242	49698938	33.05	33.19	160	0	1	0	1	1	1	1	1	1	1	1	1	1	1	1	1	1	0	1	1	1	1	1	1	1	1	1	1	1	1	1	1	0	0	1	2	1	0	1	1	1	1	1	0	1	1	1	1	1	0	1	1	1	0	1	1	1	1	0	2	1	1	0	0	1	1	0	0	0	0	1	1	1	1	1	1	1	1	1	0	1	1	2	1	1	0	0	1	1	2	1	1	1	0	1	1	0	1	0	1
22	49698938	49777195	33.19	33.27	80	0	1	0	1	1	1	1	1	1	1	1	1	1	1	1	1	1	0	1	1	1	1	1	1	1	1	1	1	1	1	1	1	0	0	1	2	1	0	1	1	1	1	1	1	1	1	1	1	1	0	1	1	1	0	1	1	1	1	0	2	1	1	0	0	1	1	0	0	0	0	1	1	1	1	1	1	1	1	1	0	1	1	2	1	1	0	0	1	1	2	1	1	1	0	1	1	0	1	0	1
22	49777195	49847719	33.27	33.34	65	0	1	0	1	1	1	1	1	1	1	1	1	1	1	1	1	1	0	1	1	1	1	1	1	1	1	1	1	1	1	1	1	0	0	1	2	1	1	1	1	1	1	1	1	1	1	1	1	1	0	1	1	1	0	1	1	1	1	0	2	1	1	0	0	1	1	0	0	0	0	1	1	1	1	1	1	1	1	1	0	1	1	2	1	1	0	0	1	1	2	1	1	1	0	1	1	0	1	0	1
22	49847719	49979088	33.34	33.47	75	0	1	0	1	1	1	1	1	1	1	1	1	1	1	1	1	1	0	1	1	1	1	1	1	1	1	1	1	1	1	1	1	0	0	1	2	1	1	1	1	1	1	1	1	1	1	1	1	1	1	1	1	1	0	1	1	1	1	0	2	1	1	0	0	1	1	0	0	0	0	1	1	1	1	1	1	1	1	1	0	1	1	2	1	1	0	1	1	1	2	1	1	1	0	1	1	0	1	0	1
22	49979088	50350971	33.47	33.85	120	0	1	0	1	1	1	1	1	1	1	1	1	1	1	1	1	1	0	1	1	1	1	1	1	1	1	1	1	1	1	1	1	0	0	1	2	1	1	1	1	1	1	1	1	1	1	1	1	1	1	1	1	1	0	1	1	1	1	0	2	1	1	0	0	1	1	0	0	0	0	1	1	1	1	1	1	1	1	1	1	1	1	2	1	1	0	1	1	1	2	1	1	1	0	1	1	0	1	0	1
22	50350971	51211392	33.85	34.71	293	0	1	0	1	1	1	1	1	1	1	1	1	0	1	1	1	1	0	1	1	1	1	0	1	1	1	1	1	1	1	1	0	0	0	1	2	1	1	1	1	1	1	1	1	1	1	1	1	1	1	1	1	1	0	1	1	1	1	0	2	1	1	0	0	1	1	0	0	0	0	1	1	1	1	1	1	1	1	1	1	1	1	2	1	1	0	1	1	1	2	1	1	1	0	1	0	0	1	0	1
